<?xml version="1.0"?>
<!--
  Licensed to the Apache Software Foundation (ASF) under one or more
  contributor license agreements.  See the NOTICE file distributed with
  this work for additional information regarding copyright ownership.
  The ASF licenses this file to You under the Apache License, Version 2.0
  (the "License"); you may not use this file except in compliance with
  the License.  You may obtain a copy of the License at

      https://www.apache.org/licenses/LICENSE-2.0

  Unless required by applicable law or agreed to in writing, software
  distributed under the License is distributed on an "AS IS" BASIS,
  WITHOUT WARRANTIES OR CONDITIONS OF ANY KIND, either express or implied.
  See the License for the specific language governing permissions and
  limitations under the License.
-->
<project>
  <macrodef name="pass">
    <element name="conditions" implicit="yes"/>
    <attribute name="failmessage"/>
    <sequential>
      <fail message="@{failmessage}">
        <condition>
          <not>
            <conditions/>
          </not>
        </condition>
      </fail>
    </sequential>
  </macrodef>

  <target name="simple">
    <pass failmessage="a simple test">
      <isfileselected file="jars/pass.jar">
        <signedselector/>
      </isfileselected>
    </pass>
  </target>

  <target name="name">
    <pass failmessage="name did not match">
      <isfileselected file="jars/nosign.jar">
        <filename name="jars/nosign.jar"/>
      </isfileselected>
    </pass>
  </target>

  <target name="basedir">
    <pass failmessage="name did not match with a basedir change">
      <isfileselected file="jars/nosign.jar" basedir="jars">
        <filename name="nosign.jar"/>
      </isfileselected>
    </pass>
  </target>

  <target name="type">
    <pass failmessage="type selector did not work">
      <isfileselected file="isfileselected.xml">
        <type type="file"/>
      </isfileselected>
    </pass>
  </target>

  <target name="not.selector">
    <fileset dir=".">
      <isfileselected file="nosigned.jar"/>
    </fileset>
  </target>
</project>
